t, x1, y1, x2, y2
0.000000, 0.000000, 0.000000, 198890000.000000, -1651000000.000000
60.000000, 0.026569, -0.218784, 203650095.177002, -1650448446.796909
226.989461, 0.107326, -0.874996, 208408491.825875, -1649883182.335445
393.978922, 0.243530, -1.968461, 213165150.505649, -1649304212.038364
560.968383, 0.436437, -3.499005, 217920031.793895, -1648711541.441515
727.957844, 0.687304, -5.466445, 222673096.287041, -1648105176.193760
894.947305, 0.997389, -7.870600, 227424304.600700, -1647485122.056914
1061.936766, 1.367947, -10.711280, 232173617.369983, -1646851384.905661
1228.926227, 1.800234, -13.988296, 236920995.249827, -1646203970.727493
1395.915688, 2.295503, -17.701452, 241666398.915313, -1645542885.622626
1562.905149, 2.855010, -21.850551, 246409789.061988, -1644868135.803931
1729.894610, 3.480006, -26.435390, 251151126.406181, -1644179727.596859
1896.884071, 4.171745, -31.455764, 255890371.685327, -1643477667.439359
2063.873532, 4.931478, -36.911464, 260627485.658286, -1642761961.881807
2230.862993, 5.760458, -42.802278, 265362429.105658, -1642032617.586924
2397.852454, 6.659934, -49.127989, 270095162.830108, -1641289641.329697
2564.841915, 7.631155, -55.888379, 274825647.656680, -1640533039.997300
2731.831376, 8.675372, -63.083222, 279553844.433117, -1639762820.589014
2898.820837, 9.793833, -70.712293, 284279714.030177, -1638978990.216143
3065.810298, 10.987784, -78.775362, 289003217.341953, -1638181556.101930
3232.799759, 12.258474, -87.272193, 293724315.286189, -1637370525.581480
3399.789220, 13.607147, -96.202550, 298442968.804596, -1636545906.101666
3566.778681, 15.035050, -105.566191, 303159138.863171, -1635707705.221054
3733.768143, 16.543426, -115.362873, 307872786.452510, -1634855930.609808
3900.757604, 18.133520, -125.592345, 312583872.588125, -1633990590.049606
4067.747065, 19.806574, -136.254357, 317292358.310760, -1633111691.433557
4234.736526, 21.563831, -147.348654, 321998204.686707, -1632219242.766102
4401.725987, 23.406532, -158.874976, 326701372.808119, -1631313252.162933
4568.715448, 25.335917, -170.833060, 331401823.793324, -1630393727.850900
4735.704909, 27.353225, -183.222642, 336099518.787141, -1629460678.167917
4902.694370, 29.459696, -196.043451, 340794418.961192, -1628514111.562873
5069.683831, 31.656568, -209.295214, 345486485.514217, -1627554036.595536
5236.673292, 33.945076, -222.977655, 350175679.672387, -1626580461.936463
5403.662753, 36.326459, -237.090494, 354861962.689612, -1625593396.366899
5570.652214, 38.801950, -251.633446, 359545295.847862, -1624592848.778688
5737.641675, 41.372784, -266.606225, 364225640.457470, -1623578828.174172
5904.631136, 44.040194, -282.008540, 368902957.857448, -1622551343.666094
6071.620597, 46.805413, -297.840097, 373577209.415800, -1621510404.477501
6238.610058, 49.669673, -314.100597, 378248356.529827, -1620456019.941644
6405.599519, 52.634204, -330.789740, 382916360.626443, -1619388199.501880
6572.588980, 55.700235, -347.907221, 387581183.162481, -1618306952.711565
6739.578441, 58.868995, -365.452732, 392242785.625007, -1617212289.233962
6906.567902, 62.141713, -383.425961, 396901129.531624, -1616104218.842128
7073.557363, 65.519614, -401.826592, 401556176.430784, -1614982751.418820
7240.546824, 69.003925, -420.654306, 406207887.902096, -1613847896.956384
7407.536285, 72.595870, -439.908782, 410856225.556636, -1612699665.556653
7574.525746, 76.296672, -459.589694, 415501151.037251, -1611538067.430839
7741.515207, 80.107555, -479.696712, 420142626.018867, -1610363112.899430
7908.504668, 84.029741, -500.229504, 424780612.208799, -1609174812.392078
8075.494129, 88.064449, -521.187734, 429415071.347056, -1607973176.447493
8242.483590, 92.212899, -542.571061, 434045965.206644, -1606758215.713335
8409.473051, 96.476310, -564.379143, 438673255.593877, -1605529940.946099
8576.462512, 100.855899, -586.611633, 443296904.348678, -1604288363.011010
8743.451973, 105.352883, -609.268181, 447916873.344886, -1603033492.881907
8910.441434, 109.968477, -632.348433, 452533124.490561, -1601765341.641132
9077.430895, 114.703894, -655.852033, 457145619.728287, -1600483920.479418
9244.420356, 119.560348, -679.778619, 461754321.035474, -1599189240.695771
9411.409817, 124.539051, -704.127828, 466359190.424666, -1597881313.697359
9578.399278, 129.641214, -728.899293, 470960189.943838, -1596560150.999393
9745.388739, 134.868046, -754.092643, 475557281.676705, -1595225764.225012
9912.378200, 140.220756, -779.707503, 480150427.743017, -1593878165.105166
10079.367661, 145.700551, -805.743496, 484739590.298866, -1592517365.478495
10246.357122, 151.308637, -832.200241, 489324731.536984, -1591143377.291214
10413.346583, 157.046219, -859.077353, 493905813.687047, -1589756212.596987
10580.336044, 162.914501, -886.374444, 498482799.015971, -1588355883.556815
10747.325505, 168.914686, -914.091123, 503055649.828216, -1586942402.438904
10914.314966, 175.047975, -942.226995, 507624328.466082, -1585515781.618552
11081.304428, 181.315567, -970.781662, 512188797.310010, -1584076033.578020
11248.293889, 187.718663, -999.754722, 516749018.778881, -1582623170.906410
11415.283350, 194.258460, -1029.145770, 521304955.330313, -1581157206.299540
11582.272811, 200.936154, -1058.954398, 525856569.460959, -1579678152.559818
11749.262272, 207.752940, -1089.180193, 530403823.706804, -1578186022.596118
11916.251733, 214.710013, -1119.822742, 534946680.643463, -1576680829.423648
12083.241194, 221.808564, -1150.881624, 539485102.886476, -1575162586.163828
12250.230655, 229.049787, -1182.356418, 544019053.091603, -1573631306.044154
12417.220116, 236.434869, -1214.246699, 548548493.955124, -1572087002.398078
12584.209577, 243.965001, -1246.552038, 553073388.214128, -1570529688.664867
12751.199038, 251.641370, -1279.272003, 557593698.646812, -1568959378.389480
12918.188499, 259.465162, -1312.406158, 562109388.072774, -1567376085.222434
13085.177960, 267.437561, -1345.954064, 566620419.353306, -1565779822.919667
13252.167421, 275.559752, -1379.915280, 571126755.391687, -1564170605.342412
13419.156882, 283.832916, -1414.289360, 575628359.133475, -1562548446.457055
13586.146343, 292.258235, -1449.075854, 580125193.566804, -1560913360.335007
13753.135804, 300.836887, -1484.274310, 584617221.722670, -1559265361.152564
13920.125265, 309.570050, -1519.884274, 589104406.675224, -1557604463.190769
14087.114726, 318.458902, -1555.905286, 593586711.542066, -1555930680.835279
14254.104187, 327.504618, -1592.336883, 598064099.484530, -1554244028.576225
14421.093648, 336.708370, -1629.178600, 602536533.707980, -1552544521.008073
14588.083109, 346.071333, -1666.429968, 607003977.462094, -1550832172.829482
14755.072570, 355.594677, -1704.090516, 611466394.041157, -1549106998.843169
14922.062031, 365.279571, -1742.159766, 615923746.784348, -1547369013.955761
15089.051492, 375.127183, -1780.637241, 620375999.076025, -1545618233.177660
15256.040953, 385.138681, -1819.522459, 624823114.346019, -1543854671.622894
15423.030414, 395.315229, -1858.814933, 629265056.069916, -1542078344.508979
15590.019875, 405.657992, -1898.514175, 633701787.769345, -1540289267.156770
15757.009336, 416.168131, -1938.619693, 638133273.012265, -1538487454.990319
15923.998797, 426.846807, -1979.130992, 642559475.413249, -1536672923.536728
16090.988258, 437.695180, -2020.047572, 646980358.633771, -1534845688.426004
16257.977719, 448.714408, -2061.368933, 651395886.382489, -1533005765.390908
16424.967180, 459.905646, -2103.094569, 655806022.415530, -1531153170.266814
16591.956641, 471.270049, -2145.223971, 660210730.536773, -1529287918.991550
16758.946102, 482.808772, -2187.756627, 664609974.598132, -1527410027.605260
16925.935563, 494.522964, -2230.692023, 669003718.499841, -1525519512.250244
17092.925024, 506.413778, -2274.029641, 673391926.190733, -1523616389.170814
17259.914485, 518.482360, -2317.768959, 677774561.668523, -1521700674.713137
17426.903946, 530.729858, -2361.909451, 682151588.980091, -1519772385.325087
17593.893407, 543.157418, -2406.450592, 686522972.221757, -1517831537.556088
17760.882868, 555.766183, -2451.391848, 690888675.539569, -1515878148.056963
17927.872329, 568.557296, -2496.732685, 695248663.129576, -1513912233.579777
18094.861790, 581.531897, -2542.472567, 699602899.238111, -1511933810.977684
18261.851251, 594.691125, -2588.610952, 703951348.162068, -1509942897.204770
18428.840713, 608.036118, -2635.147295, 708293974.249179, -1507939509.315894
18595.830174, 621.568012, -2682.081050, 712630741.898295, -1505923664.466534
18762.819635, 635.287940, -2729.411667, 716961615.559659, -1503895379.912625
18929.809096, 649.197035, -2777.138591, 721286559.735187, -1501854673.010404
19096.798557, 663.296428, -2825.261265, 725605538.978740, -1499801561.216247
19263.788018, 677.587248, -2873.779130, 729918517.896401, -1497736062.086511
19430.777479, 692.070622, -2922.691621, 734225461.146751, -1495658193.277369
19597.766940, 706.747677, -2971.998174, 738526333.441141, -1493567972.544653
19764.756401, 721.619537, -3021.698217, 742821099.543969, -1491465417.743689
19931.745862, 736.687323, -3071.791179, 747109724.272951, -1489350546.829132
20098.735323, 751.952157, -3122.276483, 751392172.499395, -1487223377.854806
20265.724784, 767.415157, -3173.153550, 755668409.148473, -1485083928.973536
20432.714245, 783.077442, -3224.421799, 759938399.199493, -1482932218.436984
20599.703706, 798.940125, -3276.080642, 764202107.686169, -1480768264.595482
20766.693167, 815.004322, -3328.129492, 768459499.696896, -1478592085.897866
20933.682628, 831.271144, -3380.567758, 772710540.375013, -1476403700.891308
21100.672089, 847.741701, -3433.394844, 776955194.919080, -1474203128.221148
21267.661550, 864.417103, -3486.610152, 781193428.583142, -1471990386.630727
21434.651011, 881.298455, -3540.213081, 785425206.677001, -1469765494.961212
21601.640472, 898.386862, -3594.203028, 789650494.566480, -1467528472.151432
21768.629933, 915.683428, -3648.579384, 793869257.673696, -1465279337.237702
21935.619394, 933.189254, -3703.341540, 798081461.477322, -1463018109.353655
22102.608855, 950.905440, -3758.488882, 802287071.512856, -1460744807.730068
22269.598316, 968.833083, -3814.020792, 806486053.372886, -1458459451.694688
22436.587777, 986.973278, -3869.936652, 810678372.707356, -1456162060.672061
22603.577238, 1005.327121, -3926.235839, 814863995.223829, -1453852654.183354
22770.566699, 1023.895704, -3982.917727, 819042886.687753, -1451531251.846184
22937.556160, 1042.680116, -4039.981687, 823215012.922726, -1449197873.374438
23104.545621, 1061.681446, -4097.427087, 827380339.810754, -1446852538.578100
23271.535082, 1080.900780, -4155.253292, 831538833.292518, -1444495267.363073
23438.524543, 1100.339204, -4213.459663, 835690459.367637, -1442126079.730998
23605.514004, 1119.997800, -4272.045560, 839835184.094922, -1439744995.779081
23772.503465, 1139.877649, -4331.010339, 843972973.592647, -1437352035.699911
23939.492926, 1159.979831, -4390.353352, 848103794.038802, -1434947219.781279
24106.482387, 1180.305421, -4450.073949, 852227611.671354, -1432530568.406001
24273.471848, 1200.855496, -4510.171476, 856344392.788508, -1430102102.051732
24440.461309, 1221.631128, -4570.645278, 860454103.748965, -1427661841.290789
24607.450770, 1242.633390, -4631.494694, 864556710.972179, -1425209806.789966
24774.440231, 1263.863350, -4692.719064, 868652180.938616, -1422746019.310353
24941.429692, 1285.322075, -4754.317721, 872740480.190009, -1420270499.707149
25108.419153, 1307.010632, -4816.289996, 876821575.329615, -1417783268.929480
25275.408614, 1328.930083, -4878.635220, 880895433.022473, -1415284348.020213
25442.398075, 1351.081491, -4941.352717, 884962019.995655, -1412773758.115772
25609.387536, 1373.465914, -5004.441809, 889021303.038524, -1410251520.445949
25776.376998, 1396.084410, -5067.901818, 893073249.002985, -1407717656.333720
25943.366459, 1418.938035, -5131.732059, 897117824.803741, -1405172187.195053
26110.355920, 1442.027842, -5195.931847, 901154997.418547, -1402615134.538726
26277.345381, 1465.354883, -5260.500492, 905184733.888458, -1400046519.966132
26444.334842, 1488.920207, -5325.437302, 909207001.318081, -1397466365.171093
26611.324303, 1512.724862, -5390.741582, 913221766.875833, -1394874691.939668
26778.313764, 1536.769892, -5456.412634, 917228997.794182, -1392271522.149966
26945.303225, 1561.056342, -5522.449758, 921228661.369902, -1389656877.771947
27112.292686, 1585.585252, -5588.852249, 925220724.964324, -1387030780.867240
27279.282147, 1610.357662, -5655.619400, 929205156.003581, -1384393253.588940
27446.271608, 1635.374609, -5722.750503, 933181921.978856, -1381744318.181423
27613.261069, 1660.637128, -5790.244844, 937150990.446633, -1379083996.980146
27780.250530, 1686.146251, -5858.101708, 941112329.028941, -1376412312.411457
27947.239991, 1711.903010, -5926.320377, 945065905.413601, -1373729286.992397
28114.229452, 1737.908434, -5994.900129, 949011687.354474, -1371034943.330507
28281.218913, 1764.163549, -6063.840240, 952949642.671702, -1368329304.123626
28448.208374, 1790.669379, -6133.139984, 956879739.251956, -1365612392.159700
28615.197835, 1817.426947, -6202.798630, 960801945.048677, -1362884230.316582
28782.187296, 1844.437273, -6272.815446, 964716228.082324, -1360144841.561834
28949.176757, 1871.701376, -6343.189695, 968622556.440612, -1357394248.952526
29116.166218, 1899.220270, -6413.920641, 972520898.278756, -1354632475.635041
29283.155679, 1926.994971, -6485.007540, 976411221.819711, -1351859544.844869
29450.145140, 1955.026489, -6556.449650, 980293495.354419, -1349075479.906414
29617.134601, 1983.315834, -6628.246224, 984167687.242040, -1346280304.232784
29784.124062, 2011.864013, -6700.396511, 988033765.910199, -1343474041.325596
29951.113523, 2040.672032, -6772.899759, 991891699.855221, -1340656714.774770
30118.102984, 2069.740893, -6845.755212, 995741457.642373, -1337828348.258329
30285.092445, 2099.071597, -6918.962113, 999583007.906100, -1334988965.542190
30452.081906, 2128.665141, -6992.519700, 1003416319.350259, -1332138590.479965
30619.071367, 2158.522524, -7066.427210, 1007241360.748362, -1329277247.012753
30786.060828, 2188.644737, -7140.683875, 1011058100.943808, -1326404959.168938
30953.050289, 2219.032774, -7215.288928, 1014866508.850120, -1323521751.063979
31120.039750, 2249.687624, -7290.241595, 1018666553.451177, -1320627646.900205
31287.029211, 2280.610273, -7365.541102, 1022458203.801454, -1317722670.966609
31454.018672, 2311.801708, -7441.186670, 1026241429.026247, -1314806847.638637
31621.008133, 2343.262910, -7517.177520, 1030016198.321916, -1311880201.377984
31787.997594, 2374.994860, -7593.512869, 1033782480.956109, -1308942756.732383
31954.987055, 2406.998536, -7670.191930, 1037540246.267996, -1305994538.335393
32121.976516, 2439.274914, -7747.213916, 1041289463.668505, -1303035570.906195
32288.965977, 2471.824969, -7824.578034, 1045030102.640544, -1300065879.249374
32455.955438, 2504.649670, -7902.283490, 1048762132.739237, -1297085488.254715
32622.944899, 2537.749987, -7980.329489, 1052485523.592151, -1294094422.896984
32789.934360, 2571.126886, -8058.715230, 1056200244.899527, -1291092708.235722
32956.923822, 2604.781333, -8137.439910, 1059906266.434502, -1288080369.415029
33123.913283, 2638.714288, -8216.502727, 1063603558.043343, -1285057431.663352
33290.902744, 2672.926712, -8295.902871, 1067292089.645670, -1282023920.293267
33457.892205, 2707.419562, -8375.639533, 1070971831.234684, -1278979860.701271
33624.881666, 2742.193793, -8455.711899, 1074642752.877388, -1275925278.367562
33791.871127, 2777.250357, -8536.119154, 1078304824.714817, -1272860198.855823
33958.860588, 2812.590204, -8616.860481, 1081958016.962262, -1269784647.813009
34125.850049, 2848.214283, -8697.935057, 1085602299.909488, -1266698650.969130
34292.839510, 2884.123539, -8779.342060, 1089237643.920963, -1263602234.137030
34459.828971, 2920.318915, -8861.080664, 1092864019.436077, -1260495423.212172
34626.818432, 2956.801351, -8943.150039, 1096481396.969363, -1257378244.172419
34793.807893, 2993.571787, -9025.549355, 1100089747.110721, -1254250723.077816
34960.797354, 3030.631157, -9108.277776, 1103689040.525635, -1251112886.070369
35127.786815, 3067.980395, -9191.334468, 1107279247.955394, -1247964759.373825
35294.776276, 3105.620432, -9274.718590, 1110860340.217313, -1244806369.293452
35461.765737, 3143.552197, -9358.429300, 1114432288.204947, -1241637742.215818
35628.755198, 3181.776616, -9442.465755, 1117995062.888313, -1238458904.608570
35795.744659, 3220.294613, -9526.827107, 1121548635.314104, -1235269883.020210
35962.734120, 3259.107108, -9611.512507, 1125092976.605906, -1232070704.079873
36129.723581, 3298.215021, -9696.521102, 1128628057.964415, -1228861394.497106
36296.713042, 3337.619268, -9781.852038, 1132153850.667653, -1225641981.061641
36463.702503, 3377.320763, -9867.504459, 1135670326.071178, -1222412490.643171
36630.691964, 3417.320416, -9953.477503, 1139177455.608302, -1219172950.191127
36797.681425, 3457.619138, -10039.770308, 1142675210.790303, -1215923386.734454
36964.670886, 3498.217834, -10126.382011, 1146163563.206637, -1212663827.381380
37131.660347, 3539.117409, -10213.311743, 1149642484.525151, -1209394299.319195
37298.649808, 3580.318762, -10300.558635, 1153111946.492291, -1206114829.814020
37465.639269, 3621.822795, -10388.121814, 1156571920.933318, -1202825446.210584
37632.628730, 3663.630402, -10476.000406, 1160022379.752511, -1199526175.931992
37799.618191, 3705.742477, -10564.193532, 1163463294.933383, -1196217046.479498
37966.607652, 3748.159913, -10652.700314, 1166894638.538886, -1192898085.432277
38133.597113, 3790.883597, -10741.519869, 1170316382.711617, -1189569320.447195
38300.586574, 3833.914416, -10830.651311, 1173728499.674030, -1186230779.258580
38467.576035, 3877.253253, -10920.093755, 1177130961.728638, -1182882489.677987
38634.565496, 3920.900989, -11009.846309, 1180523741.258225, -1179524479.593976
38801.554957, 3964.858504, -11099.908082, 1183906810.726041, -1176156776.971872
38968.544418, 4009.126672, -11190.278180, 1187280142.676019, -1172779409.853538
39135.533879, 4053.706368, -11280.955705, 1190643709.732968, -1169392406.357138
39302.523340, 4098.598462, -11371.939757, 1193997484.602784, -1165995794.676913
39469.512801, 4143.803821, -11463.229436, 1197341440.072648, -1162589603.082936
39636.502262, 4189.323313, -11554.823836, 1200675549.011230, -1159173859.920888
39803.491723, 4235.157799, -11646.722051, 1203999784.368888, -1155748593.611818
39970.481184, 4281.308140, -11738.923171, 1207314119.177872, -1152313832.651910
40137.470645, 4327.775194, -11831.426286, 1210618526.552522, -1148869605.612248
40304.460107, 4374.559816, -11924.230481, 1213912979.689467, -1145415941.138580
40471.449568, 4421.662858, -12017.334841, 1217197451.867822, -1141952867.951080
40638.439029, 4469.085170, -12110.738445, 1220471916.449391, -1138480414.844116
40805.428490, 4516.827599, -12204.440375, 1223736346.878857, -1134998610.686007
40972.417951, 4564.890990, -12298.439705, 1226990716.683986, -1131507484.418788
41139.407412, 4613.276186, -12392.735511, 1230234999.475818, -1128007065.057973
41306.396873, 4661.984024, -12487.326865, 1233469168.948861, -1124497381.692315
41473.386334, 4711.015341, -12582.212835, 1236693198.881291, -1120978463.483568
41640.375795, 4760.370972, -12677.392490, 1239907063.135142, -1117450339.666243
41807.365256, 4810.051747, -12772.864895, 1243110735.656498, -1113913039.547377
41974.354717, 4860.058496, -12868.629112, 1246304190.475690, -1110366592.506283
42141.344178, 4910.392043, -12964.684201, 1249487401.707483, -1106811027.994315
42308.333639, 4961.053213, -13061.029222, 1252660343.551268, -1103246375.534624
42475.323100, 5012.042825, -13157.663228, 1255822990.291257, -1099672664.721918
42642.312561, 5063.361697, -13254.585275, 1258975316.296667, -1096089925.222219
42809.302022, 5115.010644, -13351.794414, 1262117296.021911, -1092498186.772618
42976.291483, 5166.990478, -13449.289693, 1265248904.006787, -1088897479.181036
43143.280944, 5219.302009, -13547.070160, 1268370114.876665, -1085287832.325976
43310.270405, 5271.946044, -13645.134858, 1271480903.342676, -1081669276.156284
43477.259866, 5324.923387, -13743.482830, 1274581244.201894, -1078041840.690900
43644.249327, 5378.234838, -13842.113117, 1277671112.337526, -1074405556.018614
43811.238788, 5431.881197, -13941.024756, 1280750482.719093, -1070760452.297822
43978.228249, 5485.863260, -14040.216783, 1283819330.402618, -1067106559.756280
44145.217710, 5540.181818, -14139.688231, 1286877630.530808, -1063443908.690857
44312.207171, 5594.837663, -14239.438131, 1289925358.333236, -1059772529.467287
44479.196632, 5649.831583, -14339.465513, 1292962489.126523, -1056092452.519924
44646.186093, 5705.164361, -14439.769404, 1295988998.314521, -1052403708.351494
44813.175554, 5760.836779, -14540.348828, 1299004861.388493, -1048706327.532848
44980.165015, 5816.849617, -14641.202807, 1302010053.927294, -1045000340.702710
45147.154476, 5873.203652, -14742.330362, 1305004551.597548, -1041285778.567432
45314.143937, 5929.899655, -14843.730512, 1307988330.153829, -1037562671.900743
45481.133398, 5986.938399, -14945.402272, 1310961365.438838, -1033831051.543498
45648.122859, 6044.320651, -15047.344656, 1313923633.383580, -1030090948.403431
45815.112320, 6102.047177, -15149.556676, 1316875110.007541, -1026342393.454903
45982.101781, 6160.118737, -15252.037343, 1319815771.418866, -1022585417.738650
46149.091242, 6218.536092, -15354.785663, 1322745593.814530, -1018820052.361533
46316.080703, 6277.299999, -15457.800642, 1325664553.480515, -1015046328.496284
46483.070164, 6336.411210, -15561.081283, 1328572626.791983, -1011264277.381260
46650.059625, 6395.870477, -15664.626588, 1331469790.213452, -1007473930.320181
46817.049086, 6455.678548, -15768.435556, 1334356020.298962, -1003675318.681885
46984.038547, 6515.836168, -15872.507184, 1337231293.692256, -999868473.900071
47151.028008, 6576.344079, -15976.840467, 1340095587.126940, -996053427.473045
47318.017469, 6637.203021, -16081.434399, 1342948877.426662, -992230210.963469
47485.006930, 6698.413729, -16186.287970, 1345791141.505279, -988398855.998101
47651.996392, 6759.976939, -16291.400169, 1348622356.367024, -984559394.267544
47818.985853, 6821.893380, -16396.769984, 1351442499.106677, -980711857.525991
47985.975314, 6884.163780, -16502.396399, 1354251546.909730, -976856277.590966
48152.964775, 6946.788864, -16608.278397, 1357049477.052555, -972992686.343072
48319.954236, 7009.769355, -16714.414959, 1359836266.902571, -969121115.725729
48486.943697, 7073.105971, -16820.805064, 1362611893.918406, -965241597.744923
48653.933158, 7136.799429, -16927.447689, 1365376335.650067, -961354164.468943
48820.922619, 7200.850442, -17034.341808, 1368129569.739099, -957458848.028130
48987.912080, 7265.259720, -17141.486396, 1370871573.918751, -953555680.614612
49154.901541, 7330.027970, -17248.880422, 1373602326.014137, -949644694.482048
49321.891002, 7395.155898, -17356.522857, 1376321803.942399, -945725921.945372
49488.880463, 7460.644205, -17464.412666, 1379029985.712867, -941799395.380531
49655.869924, 7526.493589, -17572.548816, 1381726849.427220, -937865147.224224
49822.859385, 7592.704747, -17680.930269, 1384412373.279648, -933923209.973645
49989.848846, 7659.278370, -17789.555987, 1387086535.557005, -929973616.186223
50156.838307, 7726.215148, -17898.424929, 1389749314.638973, -926016398.479356
50323.827768, 7793.515769, -18007.536053, 1392400688.998218, -922051589.530158
50490.817229, 7861.180917, -18116.888314, 1395040637.200545, -918079222.075189
50657.806690, 7929.211271, -18226.480666, 1397669137.905056, -914099328.910201
50824.796151, 7997.607510, -18336.312061, 1400286169.864305, -910111942.889870
50991.785612, 8066.370308, -18446.381449, 1402891711.924451, -906117096.927536
51158.775073, 8135.500339, -18556.687778, 1405485743.025415, -902114823.994941
51325.764534, 8204.998269, -18667.229994, 1408068242.201033, -898105157.121962
51492.753995, 8274.864766, -18778.007042, 1410639188.579203, -894088129.396352
51659.743456, 8345.100493, -18889.017864, 1413198561.382046, -890063773.963474
51826.732917, 8415.706108, -19000.261401, 1415746339.926048, -886032124.026034
51993.722378, 8486.682269, -19111.736592, 1418282503.622218, -881993212.843823
52160.711839, 8558.029630, -19223.442374, 1420807031.976232, -877947073.733444
52327.701300, 8629.748841, -19335.377682, 1423319904.588584, -873893740.068053
52494.690761, 8701.840551, -19447.541450, 1425821101.154736, -869833245.277089
52661.680222, 8774.305404, -19559.932609, 1428310601.465263, -865765622.846012
52828.669683, 8847.144042, -19672.550090, 1430788385.406001, -861690906.316033
52995.659144, 8920.357103, -19785.392821, 1433254432.958191, -857609129.283848
53162.648605, 8993.945222, -19898.459728, 1435708724.198629, -853520325.401374
53329.638066, 9067.909034, -20011.749735, 1438151239.299805, -849424528.375478
53496.627527, 9142.249167, -20125.261766, 1440581958.530051, -845321771.967709
53663.616988, 9216.966247, -20238.994741, 1443000862.253683, -841212089.994033
53830.606449, 9292.060897, -20352.947581, 1445407930.931142, -837095516.324564
53997.595910, 9367.533740, -20467.119203, 1447803145.119137, -832972084.883293
54164.585371, 9443.385390, -20581.508523, 1450186485.470786, -828841829.647821
54331.574832, 9519.616463, -20696.114455, 1452557932.735758, -824704784.649088
54498.564293, 9596.227569, -20810.935913, 1454917467.760407, -820560983.971104
54665.553754, 9673.219317, -20925.971806, 1457265071.487918, -816410461.750682
54832.543215, 9750.592312, -21041.221044, 1459600724.958439, -812253252.177163
54999.532677, 9828.347154, -21156.682535, 1461924409.309223, -808089389.492146
55166.522138, 9906.484443, -21272.355184, 1464236105.774760, -803918907.989221
55333.511599, 9985.004775, -21388.237897, 1466535795.686919, -799741842.013694
55500.501060, 10063.908742, -21504.329575, 1468823460.475076, -795558225.962317
55667.490521, 10143.196933, -21620.629120, 1471099081.666253, -791368094.283014
55834.479982, 10222.869934, -21737.135431, 1473362640.885254, -787171481.474612
56001.469443, 10302.928329, -21853.847405, 1475614119.854790, -782968422.086567
56168.458904, 10383.372697, -21970.763940, 1477853500.395619, -778758950.718690
56335.448365, 10464.203616, -22087.883929, 1480080764.426673, -774543102.020877
56502.437826, 10545.421658, -22205.206266, 1482295893.965192, -770320910.692831
56669.427287, 10627.027395, -22322.729841, 1484498871.126851, -766092411.483794
56836.416748, 10709.021394, -22440.453546, 1486689678.125891, -761857639.192266
57003.406209, 10791.404220, -22558.376267, 1488868297.275247, -757616628.665739
57170.395670, 10874.176433, -22676.496892, 1491034710.986677, -753369414.800415
57337.385131, 10957.338591, -22794.814306, 1493188901.770887, -749116032.540936
57504.374592, 11040.891249, -22913.327393, 1495330852.237661, -744856516.880105
57671.364053, 11124.834959, -23032.035034, 1497460545.095982, -740590902.858614
57838.353514, 11209.170269, -23150.936110, 1499577963.154160, -736319225.564768
58005.342975, 11293.897725, -23270.029501, 1501683089.319955, -732041520.134204
58172.332436, 11379.017868, -23389.314083, 1503775906.600702, -727757821.749622
58339.321897, 11464.531238, -23508.788734, 1505856398.103432, -723468165.640504
58506.311358, 11550.438371, -23628.452327, 1507924547.034994, -719172587.082837
58673.300819, 11636.739798, -23748.303736, 1509980336.702178, -714871121.398837
58840.290280, 11723.436049, -23868.341832, 1512023750.511833, -710563803.956672
59007.279741, 11810.527651, -23988.565486, 1514054771.970990, -706250670.170185
59174.269202, 11898.015126, -24108.973566, 1516073384.686977, -701931755.498613
59341.258663, 11985.898994, -24229.564939, 1518079572.367540, -697607095.446309
59508.248124, 12074.179772, -24350.338472, 1520073318.820961, -693276725.562469
59675.237585, 12162.857973, -24471.293029, 1522054607.956173, -688940681.440847
59842.227046, 12251.934107, -24592.427474, 1524023423.782877, -684598998.719478
60009.216507, 12341.408681, -24713.740666, 1525979750.411657, -680251713.080399
60176.205968, 12431.282200, -24835.231468, 1527923572.054095, -675898860.249370
60343.195429, 12521.555162, -24956.898737, 1529854873.022885, -671540475.995594
60510.184890, 12612.228066, -25078.741332, 1531773637.731944, -667176596.131434
60677.174351, 12703.301405, -25200.758107, 1533679850.696529, -662807256.512139
60844.163812, 12794.775671, -25322.947919, 1535573496.533344, -658432493.035555
61011.153273, 12886.651350, -25445.309621, 1537454559.960652, -654052341.641852
61178.142734, 12978.928928, -25567.842064, 1539323025.798388, -649666838.313239
61345.132195, 13071.608885, -25690.544099, 1541178878.968264, -645276019.073681
61512.121656, 13164.691698, -25813.414577, 1543022104.493881, -640879919.988624
61679.111117, 13258.177843, -25936.452344, 1544852687.500836, -636478577.164705
61846.100578, 13352.067791, -26059.656247, 1546670613.216828, -632072026.749475
62013.090039, 13446.362010, -26183.025133, 1548475866.971766, -627660304.931116
62180.079500, 13541.060964, -26306.557845, 1550268434.197874, -623243447.938156
62347.068962, 13636.165115, -26430.253226, 1552048300.429797, -618821492.039191
62514.058423, 13731.674922, -26554.110119, 1553815451.304702, -614394473.542596
62681.047884, 13827.590838, -26678.127362, 1555569872.562386, -609962428.796247
62848.037345, 13923.913316, -26802.303797, 1557311550.045375, -605525394.187234
63015.026806, 14020.642805, -26926.638259, 1559040469.699027, -601083406.141580
63182.016267, 14117.779749, -27051.129587, 1560756617.571636, -596636501.123953
63349.005728, 14215.324590, -27175.776615, 1562459979.814527, -592184715.637387
63515.995189, 14313.277766, -27300.578177, 1564150542.682160, -587728086.222993
63682.984650, 14411.639713, -27425.533108, 1565828292.532229, -583266649.459678
63849.974111, 14510.410864, -27550.640238, 1567493215.825756, -578800441.963857
64016.963572, 14609.591645, -27675.898399, 1569145299.127196, -574329500.389169
64183.953033, 14709.182483, -27801.306419, 1570784529.104524, -569853861.426195
64350.942494, 14809.183801, -27926.863127, 1572410892.529339, -565373561.802166
64517.931955, 14909.596015, -28052.567351, 1574024376.276958, -560888638.280682
64684.921416, 15010.419542, -28178.417915, 1575624967.326505, -556399127.661427
64851.910877, 15111.654795, -28304.413646, 1577212652.761011, -551905066.779876
65018.900338, 15213.302181, -28430.553366, 1578787419.767505, -547406492.507017
65185.889799, 15315.362106, -28556.835899, 1580349255.637106, -542903441.749061
65352.879260, 15417.834973, -28683.260065, 1581898147.765111, -538395951.447152
65519.868721, 15520.721180, -28809.824686, 1583434083.651093, -533884058.577085
65686.858182, 15624.021122, -28936.528580, 1584957050.898987, -529367800.149016
65853.847643, 15727.735192, -29063.370565, 1586467037.217176, -524847213.207176
66020.837104, 15831.863779, -29190.349460, 1587964030.418587, -520322334.829582
66187.826565, 15936.407267, -29317.464079, 1589448018.420771, -515793202.127749
66354.816026, 16041.366040, -29444.713238, 1590918989.245996, -511259852.246405
66521.805487, 16146.740475, -29572.095750, 1592376931.021331, -506722322.363200
66688.794948, 16252.530949, -29699.610429, 1593821831.978728, -502180649.688416
66855.784409, 16358.737833, -29827.256087, 1595253680.455115, -497634871.464685
67022.773870, 16465.361497, -29955.031533, 1596672464.892471, -493085024.966692
67189.763331, 16572.402305, -30082.935579, 1598078173.837915, -488531147.500892
67356.752792, 16679.860619, -30210.967033, 1599470795.943786, -483973276.405219
67523.742253, 16787.736799, -30339.124702, 1600850319.967726, -479411449.048795
67690.731714, 16896.031199, -30467.407394, 1602216734.772761, -474845702.831644
67857.721175, 17004.744171, -30595.813914, 1603570029.327380, -470276075.184398
68024.710636, 17113.876065, -30724.343068, 1604910192.705615, -465702603.568012
68191.700097, 17223.427225, -30852.993659, 1606237214.087119, -461125325.473469
68358.689558, 17333.397993, -30981.764490, 1607551082.757247, -456544278.421493
68525.679019, 17443.788707, -31110.654363, 1608851788.107129, -451959499.962260
68692.668480, 17554.599703, -31239.662080, 1610139319.633750, -447371027.675101
68859.657941, 17665.831312, -31368.786440, 1611413666.940023, -442778899.168220
69026.647402, 17777.483862, -31498.026243, 1612674819.734864, -438183152.078393
69193.636863, 17889.557680, -31627.380288, 1613922767.833271, -433583824.070688
69360.626324, 18002.053085, -31756.847371, 1615157501.156390, -428980952.838165
69527.615786, 18114.970396, -31886.426289, 1616379009.731592, -424374576.101589
69694.605247, 18228.309928, -32016.115838, 1617587283.692547, -419764731.609136
69861.594708, 18342.071993, -32145.914814, 1618782313.279289, -415151457.136103
70028.584169, 18456.256898, -32275.822009, 1619964088.838291, -410534790.484616
70195.573630, 18570.864948, -32405.836217, 1621132600.822535, -405914769.483338
70362.563091, 18685.896444, -32535.956231, 1622287839.791577, -401291431.987175
70529.552552, 18801.351683, -32666.180842, 1623429796.411620, -396664815.876986
70696.542013, 18917.230961, -32796.508840, 1624558461.455576, -392034959.059288
70863.531474, 19033.534568, -32926.939015, 1625673825.803138, -387401899.465966
71030.520935, 19150.262792, -33057.470158, 1626775880.440842, -382765675.053978
71197.510396, 19267.415917, -33188.101054, 1627864616.462135, -378126323.805065
71364.499857, 19384.994223, -33318.830494, 1628940025.067436, -373483883.725454
71531.489318, 19502.997988, -33449.657262, 1630002097.564202, -368838392.845566
71698.478779, 19621.427486, -33580.580145, 1631050825.366991, -364189889.219725
71865.468240, 19740.282988, -33711.597928, 1632086199.997522, -359538410.925862
72032.457701, 19859.564759, -33842.709396, 1633108213.084740, -354883996.065221
72199.447162, 19979.273065, -33973.913333, 1634116856.364872, -350226682.762069
72366.436623, 20099.408164, -34105.208520, 1635112121.681490, -345566509.163396
72533.426084, 20219.970315, -34236.593742, 1636094000.985567, -340903513.438626
72700.415545, 20340.959770, -34368.067778, 1637062486.335542, -336237733.779320
72867.405006, 20462.376780, -34499.629411, 1638017569.897368, -331569208.398883
73034.394467, 20584.221590, -34631.277420, 1638959243.944576, -326897975.532271
73201.383928, 20706.494444, -34763.010585, 1639887500.858328, -322224073.435691
73368.373389, 20829.195581, -34894.827685, 1640802333.127474, -317547540.386312
73535.362850, 20952.325238, -35026.727497, 1641703733.348604, -312868414.681968
73702.352311, 21075.883648, -35158.708800, 1642591694.226103, -308186734.640862
73869.341772, 21199.871039, -35290.770370, 1643466208.572206, -303502538.601273
74036.331233, 21324.287638, -35422.910984, 1644327269.307045, -298815864.921259
74203.320694, 21449.133666, -35555.129417, 1645174869.458706, -294126751.978363
74370.310155, 21574.409344, -35687.424445, 1646009002.163278, -289435238.169316
74537.299616, 21700.114886, -35819.794841, 1646829660.664900, -284741361.909743
74704.289077, 21826.250505, -35952.239380, 1647636838.315814, -280045161.633867
74871.278538, 21952.816409, -36084.756834, 1648430528.576411, -275346675.794212
75038.267999, 22079.812803, -36217.345978, 1649210725.015281, -270645942.861309
75205.257460, 22207.239890, -36350.005581, 1649977421.309256, -265943001.323399
75372.246921, 22335.097867, -36482.734417, 1650730611.243461, -261237889.686136
75539.236382, 22463.386929, -36615.531256, 1651470288.711355, -256530646.472293
75706.225843, 22592.107268, -36748.394869, 1652196447.714778, -251821310.221463
75873.215304, 22721.259071, -36881.324026, 1652909082.363994, -247109919.489766
76040.204765, 22850.842523, -37014.317495, 1653608186.877735, -242396512.849550
76207.194226, 22980.857805, -37147.374047, 1654293755.583242, -237681128.889092
76374.183687, 23111.305094, -37280.492449, 1654965782.916309, -232963806.212310
76541.173148, 23242.184565, -37413.671469, 1655624263.421319, -228244583.438455
76708.162609, 23373.496388, -37546.909876, 1656269191.751288, -223523499.201823
76875.152071, 23505.240730, -37680.206435, 1656900562.667904, -218800592.151453
77042.141532, 23637.417754, -37813.559913, 1657518371.041565, -214075900.950833
77209.130993, 23770.027622, -37946.969077, 1658122611.851416, -209349464.277599
77376.120454, 23903.070489, -38080.432692, 1658713280.185385, -204621320.823244
77543.109915, 24036.546510, -38213.949523, 1659290371.240223, -199891509.292813
77710.099376, 24170.455833, -38347.518335, 1659853880.321535, -195160068.404611
77877.088837, 24304.798605, -38481.137893, 1660403802.843819, -190427036.889906
78044.078298, 24439.574968, -38614.806960, 1660940134.330496, -185692453.492627
78211.067759, 24574.785063, -38748.524300, 1661462870.413945, -180956356.969070
78378.057220, 24710.429025, -38882.288676, 1661972006.835535, -176218786.087598
78545.046681, 24846.506987, -39016.098851, 1662467539.445659, -171479779.628346
78712.036142, 24983.019076, -39149.953587, 1662949464.203759, -166739376.382921
78879.025603, 25119.965419, -39283.851647, 1663417777.178364, -161997615.154104
79046.015064, 25257.346138, -39417.791792, 1663872474.547112, -157254534.755553
79213.004525, 25395.161351, -39551.772783, 1664313552.596783, -152510174.011504
79379.993986, 25533.411173, -39685.793382, 1664741007.723325, -147764571.756476
79546.983447, 25672.095716, -39819.852350, 1665154836.431882, -143017766.834967
79713.972908, 25811.215087, -39953.948446, 1665555035.336820, -138269798.101161
79880.962369, 25950.769392, -40088.080432, 1665941601.161752, -133520704.418627
80047.951830, 26090.758730, -40222.247066, 1666314530.739563, -128770524.660023
80214.941291, 26231.183200, -40356.447108, 1666673821.012435, -124019297.706792
80381.930752, 26372.042896, -40490.679319, 1667019469.031868, -119267062.448872
80548.920213, 26513.337909, -40624.942456, 1667351471.958704, -114513857.784391
80715.909674, 26655.068325, -40759.235279, 1667669827.063150, -109759722.619370
80882.899135, 26797.234228, -40893.556545, 1667974531.724795, -105004695.867426
81049.888596, 26939.835698, -41027.905014, 1668265583.432635, -100248816.449470
81216.878057, 27082.872811, -41162.279444, 1668542979.785089, -95492123.293414
81383.867518, 27226.345642, -41296.678592, 1668806718.490017, -90734655.333864
81550.856979, 27370.254259, -41431.101216, 1669056797.364743, -85976451.511829
81717.846440, 27514.598729, -41565.546074, 1669293214.336065, -81217550.774418
81884.835901, 27659.379115, -41700.011923, 1669515967.440277, -76457992.074543
82051.825362, 27804.595474, -41834.497519, 1669725054.823181, -71697814.370618
82218.814823, 27950.247864, -41969.001620, 1669920474.740106, -66937056.626260
82385.804284, 28096.336336, -42103.522983, 1670102225.555916, -62175757.809994
82552.793745, 28242.860939, -42238.060365, 1670270305.745028, -57413956.894950
82719.783206, 28389.821718, -42372.612521, 1670424713.891424, -52651692.858564
82886.772667, 28537.218715, -42507.178208, 1670565448.688662, -47889004.682281
83053.762128, 28685.051969, -42641.756183, 1670692508.939884, -43125931.351254
83220.751589, 28833.321512, -42776.345202, 1670805893.557832, -38362511.854046
83387.741050, 28982.027378, -42910.944021, 1670905601.564853, -33598785.182332
83554.730511, 29131.169593, -43045.551395, 1670991632.092911, -28834790.330597
83721.719972, 29280.748182, -43180.166080, 1671063984.383591, -24070566.295836
83888.709433, 29430.763165, -43314.786833, 1671122657.788110, -19306152.077261
84055.698894, 29581.214560, -43449.412409, 1671167651.767320, -14541586.675995
84222.688356, 29732.102381, -43584.041564, 1671198965.891717, -9776909.094775
84389.677817, 29883.426637, -43718.673054, 1671216599.841442, -5012158.337655
84556.667278, 30035.187335, -43853.305634, 1671220553.406289, -247373.409702
84723.656739, 30187.384479, -43987.938059, 1671210826.485708, 4517406.683298
84890.646200, 30340.018068, -44122.569086, 1671187419.088801, 9282142.935143
85057.635661, 30493.088098, -44257.197470, 1671150331.334335, 14046796.339515
85224.625122, 30646.594563, -44391.821966, 1671099563.450733, 18811327.890274
85391.614583, 30800.537451, -44526.441330, 1671035115.776079, 23575698.581764
85558.604044, 30954.916748, -44661.054318, 1670956988.758117, 28339869.409109
85725.593505, 31109.732436, -44795.659686, 1670865182.954250, 33103801.368511
85892.582966, 31264.984494, -44930.256189, 1670759699.031537, 37867455.457552
86059.572427, 31420.672897, -45064.842583, 1670640537.766691, 42630792.675494
86226.561888, 31576.797618, -45199.417623, 1670507700.046072, 47393774.023574
86393.551349, 31733.358623, -45333.980066, 1670361186.865691, 52156360.505307
86560.540810, 31890.355878, -45468.528668, 1670200999.331196, 56918513.126785
86727.530271, 32047.789345, -45603.062185, 1670027138.657870, 61680192.896977
86894.519732, 32205.658980, -45737.579372, 1669839606.170625, 66441360.828023
87061.509193, 32363.964738, -45872.078987, 1669638403.303993, 71201977.935542
87228.498654, 32522.706571, -46006.559785, 1669423531.602119, 75962005.238924
87395.488115, 32681.884424, -46141.020523, 1669194992.718753, 80721403.761633
87562.477576, 32841.498242, -46275.459958, 1668952788.417235, 85480134.531504
87729.467037, 33001.547965, -46409.876847, 1668696920.570493, 90238158.581046
87896.456498, 33162.033530, -46544.269947, 1668427391.161025, 94995436.947734
88063.445959, 33322.954870, -46678.638014, 1668144202.280888, 99751930.674319
88230.435420, 33484.311914, -46812.979807, 1667847356.131689, 104507600.809117
88397.424881, 33646.104590, -46947.294082, 1667536855.024567, 109262408.406312
88564.414342, 33808.332820, -47081.579597, 1667212701.380183, 114016314.526258
88731.403803, 33970.996523, -47215.835111, 1666874897.728700, 118769280.235774
88898.393264, 34134.095614, -47350.059381, 1666523446.709771, 123521266.608444
89065.382725, 34297.630007, -47484.251166, 1666158351.072521, 128272234.724918
89232.372186, 34461.599610, -47618.409225, 1665779613.675531, 133022145.673209
89399.361647, 34626.004329, -47752.532315, 1665387237.486818, 137770960.548991
89566.351108, 34790.844064, -47886.619197, 1664981225.583815, 142518640.455902
89733.340569, 34956.118715, -48020.668630, 1664561581.153355, 147265146.505840
89900.330030, 35121.828177, -48154.679373, 1664128307.491650, 152010439.819260
90067.319491, 35287.972340, -48288.650186, 1663681408.004266, 156754481.525477
90234.308952, 35454.551092, -48422.579830, 1663220886.206105, 161497232.762964
90401.298413, 35621.564319, -48556.467065, 1662746745.721381, 166238654.679646
90568.287874, 35789.011900, -48690.310652, 1662258990.283597, 170978708.433206
90735.277335, 35956.893714, -48824.109351, 1661757623.735518, 175717355.191377
90902.266796, 36125.209633, -48957.861925, 1661242650.029151, 180454556.132246
91069.256257, 36293.959530, -49091.567135, 1660714073.225714, 185190272.444549
91236.245718, 36463.143270, -49225.223743, 1660171897.495613, 189924465.327969
91403.235179, 36632.760716, -49358.830513, 1659616127.118414, 194657095.993437
91570.224641, 36802.811730, -49492.386206, 1659046766.482815, 199388125.663432
91737.214102, 36973.296168, -49625.889586, 1658463820.086614, 204117515.572271
91904.203563, 37144.213881, -49759.339417, 1657867292.536685, 208845226.966418
92071.193024, 37315.564721, -49892.734463, 1657257188.548943, 213571221.104775
92238.182485, 37487.348533, -50026.073488, 1656633512.948316, 218295459.258982
92405.171946, 37659.565160, -50159.355257, 1655996270.668709, 223017902.713715
92572.161407, 37832.214441, -50292.578536, 1655345466.752978, 227738512.766985
92739.150868, 38005.296211, -50425.742089, 1654681106.352889, 232457250.730435
92906.140329, 38178.810303, -50558.844684, 1654003194.729089, 237174077.929638
93073.129790, 38352.756545, -50691.885087, 1653311737.251070, 241888955.704395
93240.119251, 38527.134763, -50824.862065, 1652606739.397131, 246601845.409031
93407.108712, 38701.944778, -50957.774385, 1651888206.754345, 251312708.412697
93574.098173, 38877.186409, -51090.620817, 1651156145.018518, 256021506.099663
93741.087634, 39052.859471, -51223.400127, 1650410559.994156, 260728199.869617
93908.077095, 39228.963774, -51356.111086, 1649651457.594420, 265432751.137962
94075.066556, 39405.499127, -51488.752462, 1648878843.841091, 270135121.336117
94242.056017, 39582.465334, -51621.323026, 1648092724.864528, 274835271.911807
94409.045478, 39759.862196, -51753.821549, 1647293106.903630, 279533164.329368
94576.034939, 39937.689511, -51886.246802, 1646479996.305786, 284228760.070038
94743.024400, 40115.947072, -52018.597555, 1645653399.526842, 288922020.632258
94910.013861, 40294.634670, -52150.872583, 1644813323.131053, 293612907.531965
95077.003322, 40473.752093, -52283.070656, 1643959773.791038, 298301382.302894
95243.992783, 40653.299124, -52415.190550, 1643092758.287737, 302987406.496870
95410.982244, 40833.275543, -52547.231037, 1642212283.510366, 307670941.684106
95577.971705, 41013.681128, -52679.190893, 1641318356.456366, 312351949.453502
95744.961166, 41194.515650, -52811.068892, 1640410984.231364, 317030391.412937
95911.950627, 41375.778881, -52942.863810, 1639490174.049115, 321706229.189568
96078.940088, 41557.470586, -53074.574425, 1638555933.231463, 326379424.430128
96245.929549, 41739.590529, -53206.199512, 1637608269.208285, 331049938.801216
96412.919010, 41922.138468, -53337.737849, 1636647189.517443, 335717733.989602
96579.908471, 42105.114161, -53469.188216, 1635672701.804733, 340382771.702513
96746.897932, 42288.517360, -53600.549390, 1634684813.823832, 345045013.667937
96913.887393, 42472.347814, -53731.820152, 1633683533.436248, 349704421.634914
97080.876854, 42656.605268, -53862.999282, 1632668868.611265, 354360957.373832
97247.866315, 42841.289466, -53994.085561, 1631640827.425890, 359014582.676725
97414.855776, 43026.400145, -54125.077770, 1630599418.064794, 363665259.357567
97581.845237, 43211.937042, -54255.974693, 1629544648.820263, 368312949.252564
97748.834698, 43397.899888, -54386.775112, 1628476528.092138, 372957614.220456
97915.824159, 43584.288412, -54517.477812, 1627395064.387757, 377599216.142804
98082.813620, 43771.102340, -54648.081577, 1626300266.321901, 382237716.924293
98249.803081, 43958.341392, -54778.585192, 1625192142.616730, 386873078.493018
98416.792542, 44146.005288, -54908.987443, 1624070702.101728, 391505262.800787
98583.782003, 44334.093741, -55039.287118, 1622935953.713641, 396134231.823410
98750.771465, 44522.606465, -55169.483005, 1621787906.496418, 400759947.560996
98917.760926, 44711.543165, -55299.573890, 1620626569.601145, 405382372.038245
99084.750387, 44900.903549, -55429.558565, 1619451952.285987, 410001467.304744
99251.739848, 45090.687315, -55559.435819, 1618264063.916124, 414617195.435260
99418.729309, 45280.894163, -55689.204443, 1617062913.963683, 419229518.530035
99585.718770, 45471.523787, -55818.863228, 1615848512.007681, 423838398.715078
99752.708231, 45662.575878, -55948.410968, 1614620867.733951, 428443798.142461
99919.697692, 45854.050122, -56077.846455, 1613379990.935083, 433045678.990608
100086.687153, 46045.946206, -56207.168483, 1612125891.510350, 437644003.464593
100253.676614, 46238.263808, -56336.375849, 1610858579.465648, 442238733.796431
100420.666075, 46431.002607, -56465.467348, 1609578064.913421, 446829832.245370
100587.655536, 46624.162277, -56594.441776, 1608284358.072596, 451417261.098188
100754.644997, 46817.742488, -56723.297932, 1606977469.268509, 456000982.669479
100921.634458, 47011.742908, -56852.034613, 1605657408.932839, 460580959.301951
101088.623919, 47206.163200, -56980.650621, 1604324187.603531, 465157153.366718
101255.613380, 47401.003024, -57109.144754, 1602977815.924729, 469729527.263587
101422.602841, 47596.262038, -57237.515815, 1601618304.646699, 474298043.421357
101589.592302, 47791.939896, -57365.762605, 1600245664.625759, 478862664.298108
101756.581763, 47988.036247, -57493.883928, 1598859906.824198, 483423352.381490
101923.571224, 48184.550739, -57621.878589, 1597461042.310208, 487980070.189019
102090.560685, 48381.483015, -57749.745392, 1596049082.257804, 492532780.268366
102257.550146, 48578.832715, -57877.483143, 1594624037.946748, 497081445.197649
102424.539607, 48776.599475, -58005.090650, 1593185920.762469, 501626027.585724
102591.529068, 48974.782931, -58132.566721, 1591734742.195989, 506166490.072476
102758.518529, 49173.382711, -58259.910165, 1590270513.843840, 510702795.329108
102925.507990, 49372.398441, -58387.119791, 1588793247.407989, 515234906.058435
103092.497451, 49571.829747, -58514.194411, 1587302954.695749, 519762784.995172
103259.486912, 49771.676246, -58641.132838, 1585799647.619707, 524286394.906225
103426.476373, 49971.937557, -58767.933884, 1584283338.197635, 528805698.590981
103593.465834, 50172.613291, -58894.596364, 1582754038.552411, 533320658.881597
103760.455295, 50373.703060, -59021.119093, 1581211760.911933, 537831238.643290
103927.444756, 50575.206470, -59147.500887, 1579656517.609035, 542337400.774629
104094.434217, 50777.123123, -59273.740564, 1578088321.081405, 546839108.207821
104261.423678, 50979.452620, -59399.836942, 1576507183.871492, 551336323.909002
104428.413139, 51182.194557, -59525.788841, 1574913118.626428, 555829010.878524
104595.402600, 51385.348528, -59651.595081, 1573306138.097933, 560317132.151248
104762.392061, 51588.914122, -59777.254485, 1571686255.142231, 564800650.796827
104929.381522, 51792.890926, -59902.765876, 1570053482.719961, 569279529.919999
105096.370983, 51997.278523, -60028.128077, 1568407833.896084, 573753732.660873
105263.360444, 52202.076492, -60153.339913, 1566749321.839797, 578223222.195216
105430.349905, 52407.284411, -60278.400211, 1565077959.824438, 582687961.734745
105597.339366, 52612.901853, -60403.307799, 1563393761.227397, 587147914.527409
105764.328827, 52818.928387, -60528.061505, 1561696739.530020, 591603043.857682
105931.318288, 53025.363580, -60652.660159, 1559986908.317519, 596053313.046844
106098.307750, 53232.206996, -60777.102592, 1558264281.278875, 600498685.453275
106265.297211, 53439.458194, -60901.387636, 1556528872.206744, 604939124.472736
106432.286672, 53647.116731, -61025.514125, 1554780694.997364, 609374593.538659
106599.276133, 53855.182160, -61149.480893, 1553019763.650451, 613805056.122430
106766.265594, 54063.654032, -61273.286777, 1551246092.269111, 618230475.733682
106933.255055, 54272.531893, -61396.930612, 1549459695.059735, 622650815.920570
107100.244516, 54481.815287, -61520.411239, 1547660586.331903, 627066040.270069
107267.233977, 54691.503754, -61643.727495, 1545848780.498285, 631476112.408251
107434.223438, 54901.596831, -61766.878222, 1544024292.074541, 635880996.000571
107601.212899, 55112.094051, -61889.862263, 1542187135.679217, 640280654.752158
107768.202360, 55322.994945, -62012.678460, 1540337326.033646, 644675052.408092
107935.191821, 55534.299040, -62135.325658, 1538474877.961844, 649064152.753696
108102.181282, 55746.005860, -62257.802703, 1536599806.390409, 653447919.614814
108269.170743, 55958.114924, -62380.108442, 1534712126.348415, 657826316.858100
108436.160204, 56170.625752, -62502.241724, 1532811852.967306, 662199308.391298
108603.149665, 56383.537856, -62624.201399, 1530899001.480795, 666566858.163531
108770.139126, 56596.850747, -62745.986317, 1528973587.224752, 670928930.165579
108937.128587, 56810.563933, -62867.595333, 1527035625.637101, 675285488.430164
109104.118048, 57024.676918, -62989.027298, 1525085132.257712, 679636497.032234
109271.107509, 57239.189202, -63110.281069, 1523122122.728291, 683981920.089248
109438.096970, 57454.100285, -63231.355503, 1521146612.792270, 688321721.761452
109605.086431, 57669.409660, -63352.249456, 1519158618.294699, 692655866.252167
109772.075892, 57885.116818, -63472.961789, 1517158155.182137, 696984317.808070
109939.065353, 58101.221247, -63593.491363, 1515145239.502534, 701307040.719475
110106.054814, 58317.722433, -63713.837039, 1513119887.405125, 705623999.320612
110273.044275, 58534.619857, -63833.997680, 1511082115.140315, 709935157.989914
110440.033736, 58751.912997, -63953.972153, 1509031939.059565, 714240481.150295
110607.023197, 58969.601328, -64073.759324, 1506969375.615276, 718539933.269429
110774.012658, 59187.684322, -64193.358060, 1504894441.360677, 722833478.860034
110941.002119, 59406.161449, -64312.767230, 1502807152.949706, 727121082.480149
111107.991580, 59625.032173, -64431.985706, 1500707527.136897, 731402708.733419
111274.981041, 59844.295956, -64551.012360, 1498595580.777257, 735678322.269369
111441.970502, 60063.952258, -64669.846064, 1496471330.826152, 739947887.783687
111608.959963, 60284.000535, -64788.485696, 1494334794.339189, 744211370.018503
111775.949424, 60504.440239, -64906.930130, 1492185988.472092, 748468733.762666
111942.938885, 60725.270820, -65025.178246, 1490024930.480584, 752719943.852026
112109.928346, 60946.491724, -65143.228923, 1487851637.720267, 756964965.169710
112276.917807, 61168.102394, -65261.081041, 1485666127.646496, 761203762.646401
112443.907268, 61390.102270, -65378.733485, 1483468417.814262, 765436301.260615
112610.896729, 61612.490790, -65496.185138, 1481258525.878063, 769662546.038981
112777.886190, 61835.267386, -65613.434886, 1479036469.591786, 773882462.056516
112944.875651, 62058.431489, -65730.481616, 1476802266.808574, 778096014.436904
113111.865112, 62281.982526, -65847.324218, 1474555935.480709, 782303168.352770
113278.854573, 62505.919921, -65963.961581, 1472297493.659478, 786503889.025960
113445.844035, 62730.243096, -66080.392598, 1470026959.495051, 790698141.727816
113612.833496, 62954.951468, -66196.616162, 1467744351.236352, 794885891.779452
113779.822957, 63180.044452, -66312.631169, 1465449687.230930, 799067104.552026
113946.812418, 63405.521459, -66428.436515, 1463142985.924829, 803241745.467023
114113.801879, 63631.381898, -66544.031100, 1460824265.862457, 807409779.996525
114280.791340, 63857.625174, -66659.413822, 1458493545.686459, 811571173.663485
114447.780801, 64084.250689, -66774.583584, 1456150844.137582, 815725892.042004
114614.770262, 64311.257842, -66889.539289, 1453796180.054544, 819873900.757607
114781.759723, 64538.646029, -67004.279843, 1451429572.373901, 824015165.487511
114948.749184, 64766.414642, -67118.804151, 1449051040.129912, 828149651.960905
115115.738645, 64994.563072, -67233.111122, 1446660602.454407, 832277325.959219
115282.728106, 65223.090705, -67347.199667, 1444258278.576649, 836398153.316400
115449.717567, 65451.996924, -67461.068696, 1441844087.823201, 840512099.919181
115616.707028, 65681.281110, -67574.717123, 1439418049.617784, 844619131.707359
115783.696489, 65910.942640, -67688.143864, 1436980183.481147, 848719214.674061
115950.685950, 66140.980887, -67801.347835, 1434530509.030923, 852812314.866020
116117.675411, 66371.395224, -67914.327954, 1432069045.981493, 856898398.383847
116284.664872, 66602.185018, -68027.083143, 1429595814.143843, 860977431.382299
116451.654333, 66833.349633, -68139.612322, 1427110833.425429, 865049380.070550
116618.643794, 67064.888433, -68251.914415, 1424614123.830030, 869114210.712465
116785.633255, 67296.800774, -68363.988349, 1422105705.457613, 873171889.626867
116952.622716, 67529.086015, -68475.833050, 1419585598.504182, 877222383.187811
117119.612177, 67761.743506, -68587.447447, 1417053823.261641, 881265657.824846
117286.601638, 67994.772597, -68698.830471, 1414510400.117648, 885301680.023294
117453.591099, 68228.172635, -68809.981055, 1411955349.555471, 889330416.324511
117620.580560, 68461.942964, -68920.898133, 1409388692.153841, 893351833.326159
117787.570021, 68696.082924, -69031.580641, 1406810448.586806, 897365897.682475
117954.559482, 68930.591851, -69142.027518, 1404220639.623586, 901372576.104539
118121.548943, 69165.469082, -69252.237702, 1401619286.128422, 905371835.360537
118288.538404, 69400.713946, -69362.210136, 1399006409.060430, 909363642.276035
118455.527865, 69636.325773, -69471.943763, 1396382029.473454, 913347963.734243
118622.517326, 69872.303887, -69581.437528, 1393746168.515909, 917324766.676280
118789.506787, 70108.647612, -69690.690380, 1391098847.430638, 921294018.101442
118956.496248, 70345.356265, -69799.701265, 1388440087.554756, 925255685.067470
119123.485709, 70582.429164, -69908.469137, 1385769910.319500, 929209734.690810
119290.475170, 70819.865622, -70016.992947, 1383088337.250075, 933156134.146885
119457.464631, 71057.664949, -70125.271650, 1380395389.965502, 937094850.670355
119624.454092, 71295.826452, -70233.304202, 1377691090.178463, 941025851.555382
119791.443553, 71534.349436, -70341.089563, 1374975459.695145, 944949104.155899
119958.433014, 71773.233202, -70448.626693, 1372248520.415085, 948864575.885866
120125.422475, 72012.477048, -70555.914553, 1369510294.331015, 952772234.219541
120292.411936, 72252.080270, -70662.952109, 1366760803.528703, 956672046.691739
120459.401397, 72492.042160, -70769.738326, 1364000070.186796, 960563980.898095
120626.390858, 72732.362008, -70876.272172, 1361228116.576662, 964448004.495328
120793.380320, 72973.039101, -70982.552619, 1358444965.062229, 968324085.201502
120960.369781, 73214.072721, -71088.578637, 1355650638.099826, 972192190.796288
121127.359242, 73455.462149, -71194.349201, 1352845158.238022, 976052289.121225
121294.348703, 73697.206664, -71299.863287, 1350028548.117466, 979904348.079981
121461.338164, 73939.305540, -71405.119873, 1347200830.470724, 983748335.638615
121628.327625, 74181.758048, -71510.117939, 1344362028.122113, 987584219.825836
121795.317086, 74424.563458, -71614.856466, 1341512163.987542, 991411968.733262
121962.306547, 74667.721036, -71719.334440, 1338651261.074346, 995231550.515681
122129.296008, 74911.230045, -71823.550846, 1335779342.481120, 999042933.391310
122296.285469, 75155.089745, -71927.504672, 1332896431.397555, 1002846085.642052
122463.274930, 75399.299392, -72031.194909, 1330002551.104269, 1006640975.613756
122630.264391, 75643.858243, -72134.620548, 1327097724.972642, 1010427571.716477
122797.253852, 75888.765548, -72237.780583, 1324181976.464649, 1014205842.424727
122964.243313, 76134.020555, -72340.674012, 1321255329.132687, 1017975756.277741
123131.232774, 76379.622511, -72443.299833, 1318317806.619410, 1021737281.879726
123298.222235, 76625.570658, -72545.657045, 1315369432.657557, 1025490387.900120
123465.211696, 76871.864237, -72647.744652, 1312410231.069782, 1029235043.073852
123632.201157, 77118.502484, -72749.561658, 1309440225.768483, 1032971216.201592
123799.190618, 77365.484634, -72851.107070, 1306459440.755627, 1036698876.150008
123966.180079, 77612.809918, -72952.379896, 1303467900.122581, 1040417991.852023
124133.169540, 77860.477565, -73053.379149, 1300465628.049935, 1044128532.307067
124300.159001, 78108.486800, -73154.103840, 1297452648.807330, 1047830466.581332
124467.148462, 78356.836847, -73254.552986, 1294428986.753282, 1051523763.808025
124634.137923, 78605.526925, -73354.725603, 1291394666.335007, 1055208393.187621
124801.127384, 78854.556251, -73454.620712, 1288349712.088243, 1058884323.988119
124968.116845, 79103.924041, -73554.237333, 1285294148.637075, 1062551525.545289
125135.106306, 79353.629506, -73653.574491, 1282228000.693754, 1066209967.262929
125302.095767, 79603.671854, -73752.631212, 1279151293.058524, 1069859618.613114
125469.085228, 79854.050291, -73851.406524, 1276064050.619436, 1073500449.136447
125636.074689, 80104.764021, -73949.899458, 1272966298.352172, 1077132428.442310
125803.064150, 80355.812245, -74048.109046, 1269858061.319865, 1080755526.209117
125970.053611, 80607.194159, -74146.034323, 1266739364.672914, 1084369712.184559
126137.043072, 80858.908958, -74243.674326, 1263610233.648806, 1087974956.185858
126304.032533, 81110.955836, -74341.028095, 1260470693.571930, 1091571228.100013
126471.021994, 81363.333980, -74438.094670, 1257320769.853396, 1095158497.884051
126638.011455, 81616.042578, -74534.873097, 1254160487.990850, 1098736735.565274
126805.000916, 81869.080814, -74631.362420, 1250989873.568287, 1102305911.241506
126971.990377, 82122.447867, -74727.561689, 1247808952.255868, 1105865995.081342
127138.979838, 82376.142918, -74823.469953, 1244617749.809734, 1109416957.324393
127305.969299, 82630.165141, -74919.086266, 1241416292.071817, 1112958768.281536
127472.958760, 82884.513708, -75014.409683, 1238204604.969654, 1116491398.335155
127639.948221, 83139.187792, -75109.439260, 1234982714.516197, 1120014817.939391
127806.937682, 83394.186557, -75204.174059, 1231750646.809626, 1123528997.620385
127973.927143, 83649.509171, -75298.613140, 1228508428.033157, 1127033907.976523
128140.916605, 83905.154793, -75392.755568, 1225256084.454855, 1130529519.678682
128307.906066, 84161.122584, -75486.600410, 1221993642.427437, 1134015803.470469
128474.895527, 84417.411700, -75580.146735, 1218721128.388087, 1137492730.168472
128641.884988, 84674.021295, -75673.393614, 1215438568.858258, 1140960270.662494
128808.874449, 84930.950521, -75766.340120, 1212145990.443482, 1144418395.915805
128975.863910, 85188.198525, -75858.985330, 1208843419.833175, 1147867076.965375
129142.853371, 85445.764454, -75951.328323, 1205530883.800443, 1151306284.922121
129309.842832, 85703.647451, -76043.368177, 1202208409.201884, 1154735990.971148
129476.832293, 85961.846656, -76135.103978, 1198876022.977397, 1158156166.371988
129643.821754, 86220.361208, -76226.534810, 1195533752.149981, 1161566782.458840
129810.811215, 86479.190241, -76317.659762, 1192181623.825540, 1164967810.640810
129977.800676, 86738.332888, -76408.477922, 1188819665.192682, 1168359222.402153
